Title,Category
কোরআন বিষয়ক,Non-fiction
তাফসির বিষয়ক,Non-fiction
উলূমুল কুরআন ও উসূলে তাফসীর,Non-fiction
হাদিছের কিতাব,Historical
হাদিছের ব্যাখ্যা গ্রন্থ,Non-fiction
আক্বিদাহ্ ও মানহাজ,Non-fiction
রিজাল ও উসূলে হাদিছ,Non-fiction
উসূলের ফীক্বহ,Non-fiction
ক্বাওয়া'ঈদুল ফীক্বহ,Non-fiction
শাফেয়ী ফীক্বহ (মতন),Non-fiction
শাফেয়ী ফীক্বহ (শরাহ),Non-fiction
হানাফী ফীক্বহ,Non-fiction
মালেকী ফীক্বহ,Non-fiction
হাম্বলী ফীক্বহ,Non-fiction
সাধারণ ফীক্বহ,Non-fiction
সিরাতুরল্লাহ সা.,Biography
ইতিহাস ও ত্বাবাকাত,Biography
কালাম শাস্ত্র,Non-fiction
ফতোয়ার কিতাব,Non-fiction
আরবী ব্যাকরণ,Non-fiction
সাহিত্য,Fiction